{
    "rmse": 0.7092217744327384,
    "mae": 0.5526672991255271,
    "r2": 0.28222963814416624
}